"","geneids","index.min"
"1","mir-2","0.167578955959797"
"2","mir-3","0.258265654565389"
"3","mir-6","0.189458083550175"
"4","mir-7","-0.262676280790815"
"5","mir-10","0.0877217438635717"
"6","mir-11","-0.21190034431952"
