"","geneids","index.min"
"1","mir-3","0.00538190320049455"
"2","mir-7","-0.120557744762091"
"3","mir-11","-0.120296897533678"
