"","geneids","index.min"
"1","mir-2","0.114751455551568"
"2","mir-3","0.230282537640791"
"3","mir-6","0.146730032106712"
"4","mir-7","-0.241619441084175"
"5","mir-10","0.0554803069137492"
"6","mir-11","-0.197853610830585"
